{
  "test_set_size": 41,
  "finetuned_accuracy": 0.6829,
  "baseline_accuracy": 0.8293,
  "finetuned_per_class": {
    "ask_hn": {
      "precision": 0.6470588235294118,
      "recall": 0.8461538461538461,
      "f1-score": 0.7333333333333333,
      "support": 13.0
    },
    "show_hn": {
      "precision": 0.625,
      "recall": 0.7142857142857143,
      "f1-score": 0.6666666666666666,
      "support": 14.0
    },
    "story": {
      "precision": 0.875,
      "recall": 0.5,
      "f1-score": 0.6363636363636364,
      "support": 14.0
    }
  },
  "baseline_per_class": {
    "ask_hn": {
      "precision": 0.9090909090909091,
      "recall": 0.7692307692307693,
      "f1-score": 0.8333333333333334,
      "support": 13.0
    },
    "show_hn": {
      "precision": 0.8333333333333334,
      "recall": 0.7142857142857143,
      "f1-score": 0.7692307692307693,
      "support": 14.0
    },
    "story": {
      "precision": 0.7777777777777778,
      "recall": 1.0,
      "f1-score": 0.875,
      "support": 14.0
    }
  },
  "finetuned_confusion_matrix": [
    [
      11,
      1,
      1
    ],
    [
      4,
      10,
      0
    ],
    [
      2,
      5,
      7
    ]
  ],
  "baseline_confusion_matrix": [
    [
      10,
      2,
      1
    ],
    [
      1,
      10,
      3
    ],
    [
      0,
      0,
      14
    ]
  ],
  "labels": [
    "ask_hn",
    "show_hn",
    "story"
  ]
}